URI,Label,Description,Type,EdgePropertyOf,SourceClass,TargetClass
http://release.niem.gov/niem/auxiliary/statistics/5.0/#Population,Population,"A total membership of a defined class of people, objects or events.",Class,,,
http://release.niem.gov/niem/domains/jxdm/7.2/#Arrest,Arrest,"An apprehension of a subject by a peace official based on an observed or a reported violation of a law or ordinance, an outstanding arrest warrant, or probable cause information.",Class,,,
http://release.niem.gov/niem/domains/jxdm/7.2/#ArrestAgency,Arrest Agency,An agency which employs the arresting official.,Class,,,
http://release.niem.gov/niem/domains/jxdm/7.2/#Attorney,Attorney,A person admitted to practice law in his or her respective state and authorized to perform both civil and criminal legal functions for clients.,Class,,,
http://release.niem.gov/niem/domains/jxdm/7.2/#Booking,Booking,"An administrative step taken after an arrested subject is brought to a police station or detention facility, which involves entry of the subject's name and other relevant facts on the police blotter, and which may also include photographing.",Class,,,
http://release.niem.gov/niem/domains/jxdm/7.2/#BookingFacility,Booking Facility,A police station or a detention facility where a booking occurs.,Class,,,
http://release.niem.gov/niem/domains/jxdm/7.2/#Charge,Charge,A formal allegation that a specific person has committed a specific offense.,Class,,,
http://release.niem.gov/niem/domains/jxdm/7.2/#Court,Court,A court or a unit of a court responsible for trying justice proceedings.,Class,,,
http://release.niem.gov/niem/domains/jxdm/7.2/#EnforcementOfficial,Enforcement Official,A person involved in the enforcement of law.,Class,,,
http://release.niem.gov/niem/domains/jxdm/7.2/#Judge,Judge,An official who hears and decides a case or who rules over a case proceeding.,Class,,,
http://release.niem.gov/niem/domains/jxdm/7.2/#RegisterAction,Register Action,A history of action for a case.,Class,,,
http://release.niem.gov/niem/domains/jxdm/7.2/#Sentence,Sentence,A punishment resulting from conviction of charges in a court case.,Class,,,
http://release.niem.gov/niem/domains/jxdm/7.2/#SentenceTerm,Sentence Term,A duration of a sentence. Specified as either a specific term in days-months-years or as a minimum-maximum range.,Class,,,
http://release.niem.gov/niem/niem-core/5.0/#CourtCase,Court Case,A court case.,Class,,,
http://release.niem.gov/niem/niem-core/5.0/#Incident,Incident,An occurrence or an event that may require a response.,Class,,,
http://release.niem.gov/niem/niem-core/5.0/#Jurisdiction,Jurisdiction,"A geopolitical area in which an organization, person, or object has a specific range of authority.",Class,,,
http://release.niem.gov/niem/niem-core/5.0/#Location,Location,A geospatial location.,Class,,,
http://release.niem.gov/niem/niem-core/5.0/#MeasureIntegerValue,Measure Integer Value,An integer measurement value.,Class,,,
http://release.niem.gov/niem/niem-core/5.0/#Person,Person,A human being.,Class,,,
http://release.niem.gov/niem/niem-core/5.0/#PopulationReferencePeriodDate,Population Reference Period Date,A time period or date to which the population is associated.,Class,,,
http://release.niem.gov/niem/niem-core/5.0/#RelativeLocation,Relative Location,A location identified by its proximity to another location.,Class,,,
http://release.niem.gov/niem/niem-core/5.0/#RelativeLocationDistanceMeasure,Relative Location Distance Measure,A measurement of the distance of a location from a starting point.,Class,,,
http://sail.ua.edu/ruralkg/treatmentprovider/TreatmentProvider,Treatment Provider,"An entity, such as a clinic or hospital, that offers treatment.",Class,,,
http://schemas.scales-okn.org/rdf/scales#CivilCase,Civil Case,A case litigated in a civil court.,Class,,,
http://schemas.scales-okn.org/rdf/scales#CriminalCase,Criminal Case,A case being litigated in a criminal court.,Class,,,
http://schemas.scales-okn.org/rdf/scales#DisambiguatedEntity,Disambiguated Entity,A disambiguated entity that a given undisambiguated record represents.,Class,,,
http://schemas.scales-okn.org/rdf/scales#LawFirm,Law Firm,A law firm or other office offering legal services.,Class,,,
http://schemas.scales-okn.org/rdf/scales#Party,Party,A party to a court case.,Class,,,
http://fbi.gov/cjis/nibrs/2023.0/NIBRSReportCategoryCode,NIBRSReport Category Code,A top-level NIBRS offense category (group A offense or group B offense) to which a given charge belongs.,Predicate,,http://release.niem.gov/niem/domains/jxdm/7.2/#Charge,
http://fbi.gov/cjis/nibrs/2023.0/OffenseUCRCode,Offense UCRCode,"A specific NIBRS offense category (Animal Cruelty, Arson, Assault Offenses...) to which a given charge belongs.",Predicate,,http://release.niem.gov/niem/domains/jxdm/7.2/#Charge,
http://release.niem.gov/niem/auxiliary/statistics/5.0/#Population,Population,"A total membership of a defined class of people, objects or events.",Predicate,,http://release.niem.gov/niem/niem-core/5.0/#Jurisdiction,http://release.niem.gov/niem/auxiliary/statistics/5.0/#Population
http://release.niem.gov/niem/codes/occs/5.0/#FacilityFunctionCode,Facility Function Code,A purpose or use of a facility.,Predicate,,http://release.niem.gov/niem/domains/jxdm/7.2/#BookingFacility,
http://release.niem.gov/niem/domains/jxdm/7.2/#Arrest,Arrest,"An apprehension of a subject by a peace official based on an observed or a reported violation of a law or ordinance, an outstanding arrest warrant, or probable cause information.",Predicate,,http://release.niem.gov/niem/domains/jxdm/7.2/#ArrestAgency,http://release.niem.gov/niem/domains/jxdm/7.2/#Arrest
http://release.niem.gov/niem/domains/jxdm/7.2/#Arrest,Arrest,"An apprehension of a subject by a peace official based on an observed or a reported violation of a law or ordinance, an outstanding arrest warrant, or probable cause information.",Predicate,,http://release.niem.gov/niem/domains/jxdm/7.2/#Charge,http://release.niem.gov/niem/domains/jxdm/7.2/#Arrest
http://release.niem.gov/niem/domains/jxdm/7.2/#Arrest,Arrest,"An apprehension of a subject by a peace official based on an observed or a reported violation of a law or ordinance, an outstanding arrest warrant, or probable cause information.",Predicate,,http://release.niem.gov/niem/niem-core/5.0/#Person,http://release.niem.gov/niem/domains/jxdm/7.2/#Arrest
http://release.niem.gov/niem/domains/jxdm/7.2/#ArrestAgency,Arrest Agency,An agency which employs the arresting official.,Predicate,,http://release.niem.gov/niem/domains/jxdm/7.2/#Arrest,http://release.niem.gov/niem/domains/jxdm/7.2/#ArrestAgency
http://release.niem.gov/niem/domains/jxdm/7.2/#ArrestCharge,Arrest Charge,A formal allegation of a violation of a statute and/or ordinance in association with an arrest.,Predicate,,http://release.niem.gov/niem/domains/jxdm/7.2/#Arrest,http://release.niem.gov/niem/domains/jxdm/7.2/#Charge
http://release.niem.gov/niem/domains/jxdm/7.2/#ArrestOfficial,Arrest Official,A peace official who makes an arrest.,Predicate,,http://release.niem.gov/niem/domains/jxdm/7.2/#Arrest,http://release.niem.gov/niem/domains/jxdm/7.2/#EnforcementOfficial
http://release.niem.gov/niem/domains/jxdm/7.2/#ArrestSubject,Arrest Subject,A person who is arrested.,Predicate,,http://release.niem.gov/niem/domains/jxdm/7.2/#Arrest,http://release.niem.gov/niem/niem-core/5.0/#Person
http://release.niem.gov/niem/domains/jxdm/7.2/#Attorney,Attorney,A person admitted to practice law in his or her respective state and authorized to perform both civil and criminal legal functions for clients.,Predicate,,http://schemas.scales-okn.org/rdf/scales#Party,http://release.niem.gov/niem/domains/jxdm/7.2/#Attorney
http://release.niem.gov/niem/domains/jxdm/7.2/#BailBondAmount,Bail Bond Amount,A monetary amount approved for bond.,Predicate,,http://release.niem.gov/niem/domains/jxdm/7.2/#Charge,
http://release.niem.gov/niem/domains/jxdm/7.2/#BailBondType,Bail Bond Type,A data type for an agreement between a bondsman and a subject in which a bondsman pays the subject's bail or portion of the bail in exchange for certain conditions.,Predicate,,http://release.niem.gov/niem/domains/jxdm/7.2/#Charge,
http://release.niem.gov/niem/domains/jxdm/7.2/#Booking,Booking,"An administrative step taken after an arrested subject is brought to a police station or detention facility, which involves entry of the subject's name and other relevant facts on the police blotter, and which may also include photographing.",Predicate,,http://release.niem.gov/niem/domains/jxdm/7.2/#Charge,http://release.niem.gov/niem/domains/jxdm/7.2/#Booking
http://release.niem.gov/niem/domains/jxdm/7.2/#BookingFacility,Booking Facility,A police station or a detention facility where a booking occurs.,Predicate,,http://release.niem.gov/niem/domains/jxdm/7.2/#Booking,http://release.niem.gov/niem/domains/jxdm/7.2/#BookingFacility
http://release.niem.gov/niem/domains/jxdm/7.2/#BookingSubject,Booking Subject,A person who is booked.,Predicate,,http://release.niem.gov/niem/domains/jxdm/7.2/#Booking,http://release.niem.gov/niem/niem-core/5.0/#Person
http://release.niem.gov/niem/domains/jxdm/7.2/#CaseCharge,Case Charge,A charge or accusation a person is being tried for in a court of law.,Predicate,,http://release.niem.gov/niem/niem-core/5.0/#CourtCase,http://release.niem.gov/niem/domains/jxdm/7.2/#Charge
http://release.niem.gov/niem/domains/jxdm/7.2/#CaseCourt,Case Court,A court of law in which the case is being tried.,Predicate,,http://release.niem.gov/niem/niem-core/5.0/#CourtCase,http://release.niem.gov/niem/domains/jxdm/7.2/#Court
http://release.niem.gov/niem/domains/jxdm/7.2/#CaseDefendantParty,Case Defendant Party,An entity being charged or sued in a court of law.,Predicate,,http://release.niem.gov/niem/niem-core/5.0/#CourtCase,http://schemas.scales-okn.org/rdf/scales#Party
http://release.niem.gov/niem/domains/jxdm/7.2/#CaseDefenseAttorney,Case Defense Attorney,An attorney who defends a case.,Predicate,,http://schemas.scales-okn.org/rdf/scales#Party,http://release.niem.gov/niem/domains/jxdm/7.2/#Attorney
http://release.niem.gov/niem/domains/jxdm/7.2/#CaseInitiatingAttorney,Case Initiating Attorney,"An attorney in a court case representing the party that filed a petition for a court order or writ requiring the respondent to take some action, halt an activity, or obey a court's direction.",Predicate,,http://schemas.scales-okn.org/rdf/scales#Party,http://release.niem.gov/niem/domains/jxdm/7.2/#Attorney
http://release.niem.gov/niem/domains/jxdm/7.2/#CaseInitiatingParty,Case Initiating Party,An entity that brings charges or a suit against another in a court of law. Can be either a victim in a criminal case or a plaintiff in a civil case.,Predicate,,http://release.niem.gov/niem/niem-core/5.0/#CourtCase,http://schemas.scales-okn.org/rdf/scales#Party
http://release.niem.gov/niem/domains/jxdm/7.2/#CaseJudge,Case Judge,A judicial official assigned to a case.,Predicate,,http://release.niem.gov/niem/niem-core/5.0/#CourtCase,http://release.niem.gov/niem/domains/jxdm/7.2/#Judge
http://release.niem.gov/niem/domains/jxdm/7.2/#CaseOfficialRoleText,Case Official Role Text,A role a justice official played in a court case.,Predicate,,http://release.niem.gov/niem/domains/jxdm/7.2/#Attorney,
http://release.niem.gov/niem/domains/jxdm/7.2/#CaseOfficialRoleText,Case Official Role Text,A role a justice official played in a court case.,Predicate,,http://release.niem.gov/niem/domains/jxdm/7.2/#Judge,
http://release.niem.gov/niem/domains/jxdm/7.2/#ChargeDisposition,Charge Disposition,A result or processing of a charge.,Predicate,,http://release.niem.gov/niem/domains/jxdm/7.2/#Charge,
http://release.niem.gov/niem/domains/jxdm/7.2/#ChargeSentence,Charge Sentence,A sentence given to a person convicted of a charge.,Predicate,,http://release.niem.gov/niem/domains/jxdm/7.2/#Charge,http://release.niem.gov/niem/domains/jxdm/7.2/#Sentence
http://release.niem.gov/niem/domains/jxdm/7.2/#ChargeSequenceID,Charge Sequence ID,A sequentially assigned identifier for charge tracking purposes.,Predicate,,http://release.niem.gov/niem/domains/jxdm/7.2/#Charge,
http://release.niem.gov/niem/domains/jxdm/7.2/#ChargeSeverityLevel,Charge Severity Level,A severity level of a charge.,Predicate,,http://release.niem.gov/niem/domains/jxdm/7.2/#Charge,
http://release.niem.gov/niem/domains/jxdm/7.2/#ChargeSubject,Charge Subject,A person accused of committing a specific offense.,Predicate,,http://release.niem.gov/niem/domains/jxdm/7.2/#Charge,http://release.niem.gov/niem/niem-core/5.0/#Person
http://release.niem.gov/niem/domains/jxdm/7.2/#ChargeText,Charge Text,A text of a charge.,Predicate,,http://release.niem.gov/niem/domains/jxdm/7.2/#Charge,
http://release.niem.gov/niem/domains/jxdm/7.2/#CourtCategoryCode,Court Category Code,A kind of court.,Predicate,,http://release.niem.gov/niem/domains/jxdm/7.2/#Court,
http://release.niem.gov/niem/domains/jxdm/7.2/#CourtName,Court Name,A name of a unit of a court.,Predicate,,http://release.niem.gov/niem/domains/jxdm/7.2/#Court,
http://release.niem.gov/niem/domains/jxdm/7.2/#DrugCategoryCode,Drug Category Code,A kind of drug.,Predicate,,http://release.niem.gov/niem/domains/jxdm/7.2/#Charge,
http://release.niem.gov/niem/domains/jxdm/7.2/#EnforcementOfficialBadgeIdentification,Enforcement Official Badge Identification,An identification used to refer to an enforcement official.,Predicate,,http://release.niem.gov/niem/domains/jxdm/7.2/#EnforcementOfficial,
http://release.niem.gov/niem/domains/jxdm/7.2/#IncidentArrest,Incident Arrest,An arrest made because of an incident.,Predicate,,http://release.niem.gov/niem/niem-core/5.0/#Incident,http://release.niem.gov/niem/domains/jxdm/7.2/#Arrest
http://release.niem.gov/niem/domains/jxdm/7.2/#JudicialOfficialCategoryText,Judicial Official Category Text,A kind of judicial official.,Predicate,,http://release.niem.gov/niem/domains/jxdm/7.2/#Judge,
http://release.niem.gov/niem/domains/jxdm/7.2/#OrganizationCategoryNLETSCode,Organization Category NLETSCode,A functional kind of an organization.,Predicate,,http://release.niem.gov/niem/domains/jxdm/7.2/#ArrestAgency,
http://release.niem.gov/niem/domains/jxdm/7.2/#ParticipantRoleCategoryText,Participant Role Category Text,A kind of role of a participant.,Predicate,,http://schemas.scales-okn.org/rdf/scales#Party,
http://release.niem.gov/niem/domains/jxdm/7.2/#PersonCharge,Person Charge,A sequence of charges against a person.,Predicate,,http://release.niem.gov/niem/niem-core/5.0/#Person,http://release.niem.gov/niem/domains/jxdm/7.2/#Charge
http://release.niem.gov/niem/domains/jxdm/7.2/#PersonCharge,Person Charge,A sequence of charges against a person.,Predicate,,http://schemas.scales-okn.org/rdf/scales#Party,http://release.niem.gov/niem/domains/jxdm/7.2/#Charge
http://release.niem.gov/niem/domains/jxdm/7.2/#PersonSexCode,Person Sex Code,A code set identifying a gender or sex of a person.,Predicate,,http://release.niem.gov/niem/niem-core/5.0/#Person,
http://release.niem.gov/niem/domains/jxdm/7.2/#PersonSexCode,Person Sex Code,A code set identifying a gender or sex of a person.,Predicate,,http://schemas.scales-okn.org/rdf/scales#Party,
http://release.niem.gov/niem/domains/jxdm/7.2/#RegisterAction,Register Action,A history of action for a case.,Predicate,,http://release.niem.gov/niem/niem-core/5.0/#CourtCase,http://release.niem.gov/niem/domains/jxdm/7.2/#RegisterAction
http://release.niem.gov/niem/domains/jxdm/7.2/#RegisterAction,Register Action,A history of action for a case.,Predicate,,http://schemas.scales-okn.org/rdf/scales#Party,http://release.niem.gov/niem/domains/jxdm/7.2/#RegisterAction
http://release.niem.gov/niem/domains/jxdm/7.2/#RegisterActionDate,Register Action Date,A date an action took place in a register of actions.,Predicate,,http://release.niem.gov/niem/domains/jxdm/7.2/#RegisterAction,
http://release.niem.gov/niem/domains/jxdm/7.2/#RegisterActionDescriptionText,Register Action Description Text,A description of something that happened in a case in a register of actions entry.,Predicate,,http://release.niem.gov/niem/domains/jxdm/7.2/#RegisterAction,
http://release.niem.gov/niem/domains/jxdm/7.2/#Sentence,Sentence,A punishment resulting from conviction of charges in a court case.,Predicate,,http://schemas.scales-okn.org/rdf/scales#Party,http://release.niem.gov/niem/domains/jxdm/7.2/#Sentence
http://release.niem.gov/niem/domains/jxdm/7.2/#SentenceDescriptionText,Sentence Description Text,A description of the sentence being imposed.,Predicate,,http://release.niem.gov/niem/domains/jxdm/7.2/#Sentence,
http://release.niem.gov/niem/domains/jxdm/7.2/#SentenceTerm,Sentence Term,A duration of a sentence. Specified as either a specific term in days-months-years or as a minimum-maximum range.,Predicate,,http://release.niem.gov/niem/domains/jxdm/7.2/#Sentence,http://release.niem.gov/niem/domains/jxdm/7.2/#SentenceTerm
http://release.niem.gov/niem/domains/jxdm/7.2/#StatuteKeywordText,Statute Keyword Text,A brief description of a Statute which makes use of catchwords.,Predicate,,http://release.niem.gov/niem/niem-core/5.0/#CourtCase,
http://release.niem.gov/niem/domains/jxdm/7.2/#TermDuration,Term Duration,A specific range or duration of a term.,Predicate,,http://release.niem.gov/niem/domains/jxdm/7.2/#SentenceTerm,
http://release.niem.gov/niem/niem-core/5.0/#ActivityDate,Activity Date,A date of an activity.,Predicate,,http://release.niem.gov/niem/domains/jxdm/7.2/#Arrest,
http://release.niem.gov/niem/niem-core/5.0/#ActivityDate,Activity Date,A date of an activity.,Predicate,,http://release.niem.gov/niem/niem-core/5.0/#Incident,
http://release.niem.gov/niem/niem-core/5.0/#AddressPostalCode,Address Postal Code,An identifier of a post office-assigned zone for an address.,Predicate,,http://release.niem.gov/niem/domains/jxdm/7.2/#Court,
http://release.niem.gov/niem/niem-core/5.0/#AdministrativeID,Administrative ID,An identifier generated locally within a processing system used to identify sub-records within an entity-of-interest record.,Predicate,,http://release.niem.gov/niem/domains/jxdm/7.2/#Arrest,
http://release.niem.gov/niem/niem-core/5.0/#AdministrativeID,Administrative ID,An identifier generated locally within a processing system used to identify sub-records within an entity-of-interest record.,Predicate,,http://release.niem.gov/niem/domains/jxdm/7.2/#RegisterAction,
http://release.niem.gov/niem/niem-core/5.0/#CaseDocketID,Case Docket ID,An identifier used to reference a case docket.,Predicate,,http://release.niem.gov/niem/niem-core/5.0/#CourtCase,
http://release.niem.gov/niem/niem-core/5.0/#CaseGeneralCategoryText,Case General Category Text,A broadly defined kind of case.,Predicate,,http://release.niem.gov/niem/niem-core/5.0/#CourtCase,
http://release.niem.gov/niem/niem-core/5.0/#CaseSubCategoryText,Case Sub Category Text,A more specific classification of a kind of case.,Predicate,,http://release.niem.gov/niem/niem-core/5.0/#CourtCase,
http://release.niem.gov/niem/niem-core/5.0/#ContactMailingAddress,Contact Mailing Address,A postal address by which a person or organization may be contacted.,Predicate,,http://release.niem.gov/niem/domains/jxdm/7.2/#Attorney,
http://release.niem.gov/niem/niem-core/5.0/#CourtCase,Court Case,A court case.,Predicate,,http://release.niem.gov/niem/domains/jxdm/7.2/#Charge,http://release.niem.gov/niem/niem-core/5.0/#CourtCase
http://release.niem.gov/niem/niem-core/5.0/#DispositionCategoryText,Disposition Category Text,A kind of disposition.,Predicate,,http://release.niem.gov/niem/domains/jxdm/7.2/#Charge,
http://release.niem.gov/niem/niem-core/5.0/#DocumentSequenceID,Document Sequence ID,An identifier that determines the document order in a set of related documents.,Predicate,,http://release.niem.gov/niem/domains/jxdm/7.2/#RegisterAction,
http://release.niem.gov/niem/niem-core/5.0/#EndDate,End Date,An end date.,Predicate,,http://release.niem.gov/niem/domains/jxdm/7.2/#Booking,
http://release.niem.gov/niem/niem-core/5.0/#EndDate,End Date,An end date.,Predicate,,http://release.niem.gov/niem/niem-core/5.0/#CourtCase,
http://release.niem.gov/niem/niem-core/5.0/#EntityName,Entity Name,A name of an entity.,Predicate,,http://schemas.scales-okn.org/rdf/scales#Party,
http://release.niem.gov/niem/niem-core/5.0/#FacilityName,Facility Name,A name of a facility.,Predicate,,http://release.niem.gov/niem/domains/jxdm/7.2/#BookingFacility,
http://release.niem.gov/niem/niem-core/5.0/#Incident,Incident,An occurrence or an event that may require a response.,Predicate,,http://release.niem.gov/niem/domains/jxdm/7.2/#Arrest,http://release.niem.gov/niem/niem-core/5.0/#Incident
http://release.niem.gov/niem/niem-core/5.0/#Jurisdiction,Jurisdiction,"A geopolitical area in which an organization, person, or object has a specific range of authority.",Predicate,,http://release.niem.gov/niem/domains/jxdm/7.2/#ArrestAgency,http://release.niem.gov/niem/niem-core/5.0/#Jurisdiction
http://release.niem.gov/niem/niem-core/5.0/#JurisdictionText,Jurisdiction Text,An area in which an organization or person has some kind of authoritative capacity or responsibility over.,Predicate,,http://release.niem.gov/niem/niem-core/5.0/#CourtCase,
http://release.niem.gov/niem/niem-core/5.0/#Location,Location,A geospatial location.,Predicate,,http://release.niem.gov/niem/domains/jxdm/7.2/#Arrest,http://release.niem.gov/niem/niem-core/5.0/#Location
http://release.niem.gov/niem/niem-core/5.0/#MeasureDecimalValue,Measure Decimal Value,A decimal measurement value.,Predicate,,http://release.niem.gov/niem/niem-core/5.0/#RelativeLocationDistanceMeasure,
http://release.niem.gov/niem/niem-core/5.0/#MeasureIntegerValue,Measure Integer Value,An integer measurement value.,Predicate,,http://release.niem.gov/niem/auxiliary/statistics/5.0/#Population,http://release.niem.gov/niem/niem-core/5.0/#MeasureIntegerValue
http://release.niem.gov/niem/niem-core/5.0/#MeasureUnitText,Measure Unit Text,A unit that qualifies the measurement value.,Predicate,,http://release.niem.gov/niem/niem-core/5.0/#RelativeLocationDistanceMeasure,
http://release.niem.gov/niem/niem-core/5.0/#OrganizationLocation,Organization Location,A location of an organization.,Predicate,,http://release.niem.gov/niem/domains/jxdm/7.2/#ArrestAgency,
http://release.niem.gov/niem/niem-core/5.0/#OrganizationName,Organization Name,A name of an organization.,Predicate,,http://release.niem.gov/niem/domains/jxdm/7.2/#ArrestAgency,
http://release.niem.gov/niem/niem-core/5.0/#OrganizationName,Organization Name,A name of an organization.,Predicate,,http://schemas.scales-okn.org/rdf/scales#LawFirm,
http://release.niem.gov/niem/niem-core/5.0/#PersonEthnicityText,Person Ethnicity Text,A cultural lineage of a person.,Predicate,,http://release.niem.gov/niem/niem-core/5.0/#Person,
http://release.niem.gov/niem/niem-core/5.0/#PersonFullName,Person Full Name,A complete name of a person.,Predicate,,http://release.niem.gov/niem/domains/jxdm/7.2/#Attorney,
http://release.niem.gov/niem/niem-core/5.0/#PersonFullName,Person Full Name,A complete name of a person.,Predicate,,http://release.niem.gov/niem/domains/jxdm/7.2/#Judge,
http://release.niem.gov/niem/niem-core/5.0/#PersonRaceText,Person Race Text,A classification of a person based on factors such as geographical locations and genetics.,Predicate,,http://release.niem.gov/niem/domains/jxdm/7.2/#Judge,
http://release.niem.gov/niem/niem-core/5.0/#PersonRaceText,Person Race Text,A classification of a person based on factors such as geographical locations and genetics.,Predicate,,http://release.niem.gov/niem/niem-core/5.0/#Person,
http://release.niem.gov/niem/niem-core/5.0/#PersonRaceText,Person Race Text,A classification of a person based on factors such as geographical locations and genetics.,Predicate,,http://schemas.scales-okn.org/rdf/scales#Party,
http://release.niem.gov/niem/niem-core/5.0/#PersonSexText,Person Sex Text,A gender or sex of a person.,Predicate,,http://release.niem.gov/niem/domains/jxdm/7.2/#Judge,
http://release.niem.gov/niem/niem-core/5.0/#PhysicalAddress,Physical Address,A physical address for a location. This may or may not be the same as the location's mailing address.,Predicate,,http://release.niem.gov/niem/domains/jxdm/7.2/#BookingFacility,
http://release.niem.gov/niem/niem-core/5.0/#PopulationReferencePeriodDate,Population Reference Period Date,A time period or date to which the population is associated.,Predicate,,http://release.niem.gov/niem/auxiliary/statistics/5.0/#Population,http://release.niem.gov/niem/niem-core/5.0/#PopulationReferencePeriodDate
http://release.niem.gov/niem/niem-core/5.0/#RelativeLocation,Relative Location,A location identified by its proximity to another location.,Predicate,,http://release.niem.gov/niem/niem-core/5.0/#Location,http://release.niem.gov/niem/niem-core/5.0/#RelativeLocation
http://release.niem.gov/niem/niem-core/5.0/#RelativeLocationDistanceMeasure,Relative Location Distance Measure,A measurement of the distance of a location from a starting point.,Predicate,,http://release.niem.gov/niem/niem-core/5.0/#RelativeLocation,http://release.niem.gov/niem/niem-core/5.0/#RelativeLocationDistanceMeasure
http://release.niem.gov/niem/niem-core/5.0/#RelativeLocationReferencePoint,Relative Location Reference Point,A starting point used as a basis to determine the location of another point.,Predicate,,http://release.niem.gov/niem/niem-core/5.0/#RelativeLocation,http://release.niem.gov/niem/niem-core/5.0/#Location
http://release.niem.gov/niem/niem-core/5.0/#StartDate,Start Date,A date on which something begins.,Predicate,,http://release.niem.gov/niem/domains/jxdm/7.2/#Booking,
http://release.niem.gov/niem/niem-core/5.0/#StartDate,Start Date,A date on which something begins.,Predicate,,http://release.niem.gov/niem/niem-core/5.0/#CourtCase,
http://release.niem.gov/niem/niem-core/5.0/#StatusDescriptionText,Status Description Text,A description of a status or condition of something or someone.,Predicate,,http://release.niem.gov/niem/niem-core/5.0/#CourtCase,
http://release.niem.gov/niem/niem-core/5.0/#URLID,URLID,An identifier representing a universal resource locator (URL).,Predicate,,http://release.niem.gov/niem/domains/jxdm/7.2/#Judge,
http://sail.ua.edu/ruralkg/treatmentprovider/TreatmentProvider,Treatment Provider,"An entity, such as a clinic or hospital, that offers treatment.",Predicate,,http://release.niem.gov/niem/niem-core/5.0/#Location,http://sail.ua.edu/ruralkg/treatmentprovider/TreatmentProvider
http://schemas.scales-okn.org/rdf/scales#AssignedJudge,Assigned Judge,A defendant to which a given judge was assigned.,Predicate,,http://schemas.scales-okn.org/rdf/scales#Party,http://release.niem.gov/niem/domains/jxdm/7.2/#Judge
http://schemas.scales-okn.org/rdf/scales#BirthYear,Birth Year,The year a person was born.,Predicate,,http://release.niem.gov/niem/niem-core/5.0/#Person,
http://schemas.scales-okn.org/rdf/scales#BirthYear,Birth Year,The year a person was born.,Predicate,,http://schemas.scales-okn.org/rdf/scales#Party,
http://schemas.scales-okn.org/rdf/scales#CIKNumber,CIKNumber,A Central Index Key (CIK) number assigned by the SEC to the given company.,Predicate,,http://schemas.scales-okn.org/rdf/scales#DisambiguatedEntity,
http://schemas.scales-okn.org/rdf/scales#ChargeLifecyclePhase,Charge Lifecycle Phase,The lifecycle phase (pending or terminated) that a given PACER charge was in when its associated docket sheet was scraped.,Predicate,,http://release.niem.gov/niem/domains/jxdm/7.2/#Charge,
http://schemas.scales-okn.org/rdf/scales#CommissionDate,Commission Date,The date on which the US president signed the commission formalizing the appointment of a given judge.,Predicate,,http://release.niem.gov/niem/domains/jxdm/7.2/#Judge,
http://schemas.scales-okn.org/rdf/scales#DisambiguatedEntity,Disambiguated Entity,A disambiguated entity that a given undisambiguated record represents.,Predicate,,http://release.niem.gov/niem/domains/jxdm/7.2/#Attorney,http://schemas.scales-okn.org/rdf/scales#DisambiguatedEntity
http://schemas.scales-okn.org/rdf/scales#DisambiguatedEntity,Disambiguated Entity,A disambiguated entity that a given undisambiguated record represents.,Predicate,,http://release.niem.gov/niem/domains/jxdm/7.2/#Judge,http://schemas.scales-okn.org/rdf/scales#DisambiguatedEntity
http://schemas.scales-okn.org/rdf/scales#DisambiguatedEntity,Disambiguated Entity,A disambiguated entity that a given undisambiguated record represents.,Predicate,,http://schemas.scales-okn.org/rdf/scales#LawFirm,http://schemas.scales-okn.org/rdf/scales#DisambiguatedEntity
http://schemas.scales-okn.org/rdf/scales#DisambiguatedEntity,Disambiguated Entity,A disambiguated entity that a given undisambiguated record represents.,Predicate,,http://schemas.scales-okn.org/rdf/scales#Party,http://schemas.scales-okn.org/rdf/scales#DisambiguatedEntity
http://schemas.scales-okn.org/rdf/scales#EntityReference,Entity Reference,A disambiguated entity referenced in the given text.,Predicate,,http://release.niem.gov/niem/domains/jxdm/7.2/#RegisterAction,
http://schemas.scales-okn.org/rdf/scales#ExtraPartyText,Extra Party Text,A block of text providing additional information about a given PACER party.,Predicate,,http://schemas.scales-okn.org/rdf/scales#Party,
http://schemas.scales-okn.org/rdf/scales#FJCJudgeDirID,FJCJudge Dir ID,A unique ID that specifies a judge in the Federal Judicial Center's database of biographical data about federal judges.,Predicate,,http://release.niem.gov/niem/domains/jxdm/7.2/#Judge,
http://schemas.scales-okn.org/rdf/scales#FederalJudicialCircuit,Federal Judicial Circuit,A federal judicial circuit.,Predicate,,http://release.niem.gov/niem/domains/jxdm/7.2/#Court,
http://schemas.scales-okn.org/rdf/scales#HighestOffenseLevelOpening,Highest Offense Level Opening,"The highest offense level (felony, misdemeanor) applicable to a given PACER party at the time their associated criminal case was opened.",Predicate,,http://schemas.scales-okn.org/rdf/scales#Party,
http://schemas.scales-okn.org/rdf/scales#HighestOffenseLevelTerminated,Highest Offense Level Terminated,"The highest offense level (felony, misdemeanor) applicable to a given PACER party at the time they were terminated from their associated criminal case.",Predicate,,http://schemas.scales-okn.org/rdf/scales#Party,
http://schemas.scales-okn.org/rdf/scales#IdbAmtrec,Idb Amtrec,Dollar amount received (in thousands) when appropriate.,Predicate,,http://release.niem.gov/niem/niem-core/5.0/#CourtCase,
http://schemas.scales-okn.org/rdf/scales#IdbAppcd,Idb Appcd,A code indicating the event by which a defendant appeared before a judicial officer in the district court where a charge was pending.,Predicate,,http://release.niem.gov/niem/niem-core/5.0/#CourtCase,
http://schemas.scales-okn.org/rdf/scales#IdbAppdate,Idb Appdate,The date when a defendant first appeared before a judicial officer in the district court where a charge was pending.,Predicate,,http://release.niem.gov/niem/niem-core/5.0/#CourtCase,
http://schemas.scales-okn.org/rdf/scales#IdbArbit,Idb Arbit,Method of participation in the Formal Arbitration Program.,Predicate,,http://release.niem.gov/niem/niem-core/5.0/#CourtCase,
http://schemas.scales-okn.org/rdf/scales#IdbCaslgky,Idb Caslgky,"A concatenation of district, office, docket number, case type, and reopen sequence number.",Predicate,,http://release.niem.gov/niem/niem-core/5.0/#CourtCase,
http://schemas.scales-okn.org/rdf/scales#IdbCircuit,Idb Circuit,The code of the federal judicial circuit where the case was located.,Predicate,,http://release.niem.gov/niem/niem-core/5.0/#CourtCase,
http://schemas.scales-okn.org/rdf/scales#IdbClassact,Idb Classact,"Indicates whether the case involves an allegation by the plaintiff that the complaint meets the prerequisites of a ""Class Action"" as provided in Rule 23 - FRCVP.",Predicate,,http://release.niem.gov/niem/niem-core/5.0/#CourtCase,
http://schemas.scales-okn.org/rdf/scales#IdbCounty,Idb County,The FIPS code used to indicate the county or parish where an offense was committed.,Predicate,,http://release.niem.gov/niem/niem-core/5.0/#CourtCase,
http://schemas.scales-okn.org/rdf/scales#IdbCtdef,Idb Ctdef,A unique number assigned to each defendant in a case which can be modified by the court.,Predicate,,http://release.niem.gov/niem/niem-core/5.0/#CourtCase,
http://schemas.scales-okn.org/rdf/scales#IdbCtfil,Idb Ctfil,A count of defendants filed excluding inter-district transfers.,Predicate,,http://release.niem.gov/niem/niem-core/5.0/#CourtCase,
http://schemas.scales-okn.org/rdf/scales#IdbCtfilr,Idb Ctfilr,"A count of defendants filed whose proceedings commenced by reopen, remand, appeal, or retrial.",Predicate,,http://release.niem.gov/niem/niem-core/5.0/#CourtCase,
http://schemas.scales-okn.org/rdf/scales#IdbCtfiltrn,Idb Ctfiltrn,A count of defendants filed including inter-district transfers.,Predicate,,http://release.niem.gov/niem/niem-core/5.0/#CourtCase,
http://schemas.scales-okn.org/rdf/scales#IdbCtfilwor,Idb Ctfilwor,A count of original proceedings commenced.,Predicate,,http://release.niem.gov/niem/niem-core/5.0/#CourtCase,
http://schemas.scales-okn.org/rdf/scales#IdbCtpn,Idb Ctpn,A count of defendants pending as of the last day of the period including long term fugitives.,Predicate,,http://release.niem.gov/niem/niem-core/5.0/#CourtCase,
http://schemas.scales-okn.org/rdf/scales#IdbCtpnwof,Idb Ctpnwof,A count of defendants pending as of the last day of the period excluding long term fugitives.,Predicate,,http://release.niem.gov/niem/niem-core/5.0/#CourtCase,
http://schemas.scales-okn.org/rdf/scales#IdbCttr,Idb Cttr,A count of defendants terminated excluding inter- district transfers.,Predicate,,http://release.niem.gov/niem/niem-core/5.0/#CourtCase,
http://schemas.scales-okn.org/rdf/scales#IdbCttrr,Idb Cttrr,"A count of defendants terminated whose proceedings commenced by reopen, remand, appeal, or retrial.",Predicate,,http://release.niem.gov/niem/niem-core/5.0/#CourtCase,
http://schemas.scales-okn.org/rdf/scales#IdbCttrtrn,Idb Cttrtrn,A count of defendants terminated including inter- district transfers.,Predicate,,http://release.niem.gov/niem/niem-core/5.0/#CourtCase,
http://schemas.scales-okn.org/rdf/scales#IdbCttrwor,Idb Cttrwor,A count of original proceedings terminated.,Predicate,,http://release.niem.gov/niem/niem-core/5.0/#CourtCase,
http://schemas.scales-okn.org/rdf/scales#IdbD2foffcd1,Idb D2foffcd1,The four digit D2 offense code associated with FTITLE1.,Predicate,,http://release.niem.gov/niem/niem-core/5.0/#CourtCase,
http://schemas.scales-okn.org/rdf/scales#IdbD2foffcd2,Idb D2foffcd2,The four digit D2 offense code associated with FTITLE2.,Predicate,,http://release.niem.gov/niem/niem-core/5.0/#CourtCase,
http://schemas.scales-okn.org/rdf/scales#IdbD2foffcd3,Idb D2foffcd3,The four digit D2 offense code associated with FTITLE3.,Predicate,,http://release.niem.gov/niem/niem-core/5.0/#CourtCase,
http://schemas.scales-okn.org/rdf/scales#IdbD2foffcd4,Idb D2foffcd4,The four digit D2 offense code associated with FTITLE4.,Predicate,,http://release.niem.gov/niem/niem-core/5.0/#CourtCase,
http://schemas.scales-okn.org/rdf/scales#IdbD2foffcd5,Idb D2foffcd5,The four digit D2 offense code associated with FTITLE5.,Predicate,,http://release.niem.gov/niem/niem-core/5.0/#CourtCase,
http://schemas.scales-okn.org/rdf/scales#IdbD2toffcd1,Idb D2toffcd1,The four digit D2 offense code associated with TTITLE1.,Predicate,,http://release.niem.gov/niem/niem-core/5.0/#CourtCase,
http://schemas.scales-okn.org/rdf/scales#IdbD2toffcd2,Idb D2toffcd2,The four digit D2 offense code associated with TTITLE2.,Predicate,,http://release.niem.gov/niem/niem-core/5.0/#CourtCase,
http://schemas.scales-okn.org/rdf/scales#IdbD2toffcd3,Idb D2toffcd3,The four digit D2 offense code associated with TTITLE3.,Predicate,,http://release.niem.gov/niem/niem-core/5.0/#CourtCase,
http://schemas.scales-okn.org/rdf/scales#IdbD2toffcd4,Idb D2toffcd4,The four digit D2 offense code associated with TTITLE4.,Predicate,,http://release.niem.gov/niem/niem-core/5.0/#CourtCase,
http://schemas.scales-okn.org/rdf/scales#IdbD2toffcd5,Idb D2toffcd5,The four digit D2 offense code associated with TTITLE5.,Predicate,,http://release.niem.gov/niem/niem-core/5.0/#CourtCase,
http://schemas.scales-okn.org/rdf/scales#IdbDef,Idb Def,A unique number assigned to each defendant in a case which can be modified by the court.,Predicate,,http://release.niem.gov/niem/niem-core/5.0/#CourtCase,
http://schemas.scales-okn.org/rdf/scales#IdbDeflgky,Idb Deflgky,"A concatenation of district, office, docket number, case type, defendant number, and reopen sequence number.",Predicate,,http://release.niem.gov/niem/niem-core/5.0/#CourtCase,
http://schemas.scales-okn.org/rdf/scales#IdbDefno,Idb Defno,A unique number assigned to each defendant in a case which cannot be modified by the court.,Predicate,,http://release.niem.gov/niem/niem-core/5.0/#CourtCase,
http://schemas.scales-okn.org/rdf/scales#IdbDemanded,Idb Demanded,The monetary amount sought by plaintiff (in thousands).,Predicate,,http://release.niem.gov/niem/niem-core/5.0/#CourtCase,
http://schemas.scales-okn.org/rdf/scales#IdbDisp,Idb Disp,The manner in which the case was disposed of.,Predicate,,http://release.niem.gov/niem/niem-core/5.0/#CourtCase,
http://schemas.scales-okn.org/rdf/scales#IdbDisp1,Idb Disp1,The code indicating the nature or type of disposition associated with TTITLE1.,Predicate,,http://release.niem.gov/niem/niem-core/5.0/#CourtCase,
http://schemas.scales-okn.org/rdf/scales#IdbDisp2,Idb Disp2,The code indicating the nature or type of disposition associated with TTITLE2.,Predicate,,http://release.niem.gov/niem/niem-core/5.0/#CourtCase,
http://schemas.scales-okn.org/rdf/scales#IdbDisp3,Idb Disp3,The code indicating the nature or type of disposition associated with TTITLE3.,Predicate,,http://release.niem.gov/niem/niem-core/5.0/#CourtCase,
http://schemas.scales-okn.org/rdf/scales#IdbDisp4,Idb Disp4,The code indicating the nature or type of disposition associated with TTITLE4.,Predicate,,http://release.niem.gov/niem/niem-core/5.0/#CourtCase,
http://schemas.scales-okn.org/rdf/scales#IdbDisp5,Idb Disp5,The code indicating the nature or type of disposition associated with TTITLE5.,Predicate,,http://release.niem.gov/niem/niem-core/5.0/#CourtCase,
http://schemas.scales-okn.org/rdf/scales#IdbDispdate,Idb Dispdate,The date upon which judicial proceedings before the court concluded.,Predicate,,http://release.niem.gov/niem/niem-core/5.0/#CourtCase,
http://schemas.scales-okn.org/rdf/scales#IdbDistrict,Idb District,The code of the federal judicial district where the case was located.,Predicate,,http://release.niem.gov/niem/niem-core/5.0/#CourtCase,
http://schemas.scales-okn.org/rdf/scales#IdbDjoined,Idb Djoined,This term is defined in the IDB documentation as 'Data rarely entered in the past; this field is no longer being used.',Predicate,,http://release.niem.gov/niem/niem-core/5.0/#CourtCase,
http://schemas.scales-okn.org/rdf/scales#IdbDocket,Idb Docket,Docket number assigned by the district to the case.,Predicate,,http://release.niem.gov/niem/niem-core/5.0/#CourtCase,
http://schemas.scales-okn.org/rdf/scales#IdbFcounsel,Idb Fcounsel,A code indicating the type of legal counsel assigned to a defendant.,Predicate,,http://release.niem.gov/niem/niem-core/5.0/#CourtCase,
http://schemas.scales-okn.org/rdf/scales#IdbFdateuse,Idb Fdateuse,This field is used to identify cases within a given statistical or fiscal year of filing as counted by the AO in published reports.,Predicate,,http://release.niem.gov/niem/niem-core/5.0/#CourtCase,
http://schemas.scales-okn.org/rdf/scales#IdbFgenddate,Idb Fgenddate,The date upon which a fugitive defendant was taken into custody.,Predicate,,http://release.niem.gov/niem/niem-core/5.0/#CourtCase,
http://schemas.scales-okn.org/rdf/scales#IdbFgstrtdate,Idb Fgstrtdate,The date upon which a defendant became a fugitive.,Predicate,,http://release.niem.gov/niem/niem-core/5.0/#CourtCase,
http://schemas.scales-okn.org/rdf/scales#IdbFiledate,Idb Filedate,The date when a case was first docketed in the district court.,Predicate,,http://release.niem.gov/niem/niem-core/5.0/#CourtCase,
http://schemas.scales-okn.org/rdf/scales#IdbFilejudg,Idb Filejudg,The statistical code for the judge to whom the case was originally assigned.,Predicate,,http://release.niem.gov/niem/niem-core/5.0/#CourtCase,
http://schemas.scales-okn.org/rdf/scales#IdbFilemag,Idb Filemag,The code of the magistrate judge to whom all or part of the case was originally referred.,Predicate,,http://release.niem.gov/niem/niem-core/5.0/#CourtCase,
http://schemas.scales-okn.org/rdf/scales#IdbFineamt1,Idb Fineamt1,The fine imposed upon the defendant at sentencing under TTITLE1.,Predicate,,http://release.niem.gov/niem/niem-core/5.0/#CourtCase,
http://schemas.scales-okn.org/rdf/scales#IdbFineamt2,Idb Fineamt2,The fine imposed upon the defendant at sentencing under TTITLE2.,Predicate,,http://release.niem.gov/niem/niem-core/5.0/#CourtCase,
http://schemas.scales-okn.org/rdf/scales#IdbFineamt3,Idb Fineamt3,The fine imposed upon the defendant at sentencing under TTITLE3.,Predicate,,http://release.niem.gov/niem/niem-core/5.0/#CourtCase,
http://schemas.scales-okn.org/rdf/scales#IdbFineamt4,Idb Fineamt4,The fine imposed upon the defendant at sentencing under TTITLE4.,Predicate,,http://release.niem.gov/niem/niem-core/5.0/#CourtCase,
http://schemas.scales-okn.org/rdf/scales#IdbFineamt5,Idb Fineamt5,The fine imposed upon the defendant at sentencing under TTITLE5.,Predicate,,http://release.niem.gov/niem/niem-core/5.0/#CourtCase,
http://schemas.scales-okn.org/rdf/scales#IdbFinetot,Idb Finetot,The total fine imposed at sentencing for all offenses of which the defendant was convicted and a fine was imposed.,Predicate,,http://release.niem.gov/niem/niem-core/5.0/#CourtCase,
http://schemas.scales-okn.org/rdf/scales#IdbFiscalyr,Idb Fiscalyr,The fiscal year of the data file obtained from the AOUSC.,Predicate,,http://release.niem.gov/niem/niem-core/5.0/#CourtCase,
http://schemas.scales-okn.org/rdf/scales#IdbFjudge,Idb Fjudge,The statistical code associated with the judge assigned to the case at the time of filing or with the presiding judge.,Predicate,,http://release.niem.gov/niem/niem-core/5.0/#CourtCase,
http://schemas.scales-okn.org/rdf/scales#IdbFoffcd1,Idb Foffcd1,The four digit AO offense code associated with FTITLE1.,Predicate,,http://release.niem.gov/niem/niem-core/5.0/#CourtCase,
http://schemas.scales-okn.org/rdf/scales#IdbFoffcd2,Idb Foffcd2,The four digit AO offense code associated with FTITLE2.,Predicate,,http://release.niem.gov/niem/niem-core/5.0/#CourtCase,
http://schemas.scales-okn.org/rdf/scales#IdbFoffcd3,Idb Foffcd3,The four digit AO offense code associated with FTITLE3.,Predicate,,http://release.niem.gov/niem/niem-core/5.0/#CourtCase,
http://schemas.scales-okn.org/rdf/scales#IdbFoffcd4,Idb Foffcd4,The four digit AO offense code associated with FTITLE4.,Predicate,,http://release.niem.gov/niem/niem-core/5.0/#CourtCase,
http://schemas.scales-okn.org/rdf/scales#IdbFoffcd5,Idb Foffcd5,The four digit AO offense code associated with FTITLE5.,Predicate,,http://release.niem.gov/niem/niem-core/5.0/#CourtCase,
http://schemas.scales-okn.org/rdf/scales#IdbFofflvl1,Idb Fofflvl1,A code indicating the level of offense associated with FTITLE1.,Predicate,,http://release.niem.gov/niem/niem-core/5.0/#CourtCase,
http://schemas.scales-okn.org/rdf/scales#IdbFofflvl2,Idb Fofflvl2,A code indicating the level of offense associated with FTITLE2.,Predicate,,http://release.niem.gov/niem/niem-core/5.0/#CourtCase,
http://schemas.scales-okn.org/rdf/scales#IdbFofflvl3,Idb Fofflvl3,A code indicating the level of offense associated with FTITLE3.,Predicate,,http://release.niem.gov/niem/niem-core/5.0/#CourtCase,
http://schemas.scales-okn.org/rdf/scales#IdbFofflvl4,Idb Fofflvl4,A code indicating the level of offense associated with FTITLE4.,Predicate,,http://release.niem.gov/niem/niem-core/5.0/#CourtCase,
http://schemas.scales-okn.org/rdf/scales#IdbFofflvl5,Idb Fofflvl5,A code indicating the level of offense associated with FTITLE5.,Predicate,,http://release.niem.gov/niem/niem-core/5.0/#CourtCase,
http://schemas.scales-okn.org/rdf/scales#IdbFsev1,Idb Fsev1,A code indicating the severity associated with FTITLE1.,Predicate,,http://release.niem.gov/niem/niem-core/5.0/#CourtCase,
http://schemas.scales-okn.org/rdf/scales#IdbFsev2,Idb Fsev2,A code indicating the severity associated with FTITLE2.,Predicate,,http://release.niem.gov/niem/niem-core/5.0/#CourtCase,
http://schemas.scales-okn.org/rdf/scales#IdbFsev3,Idb Fsev3,A code indicating the severity associated with FTITLE3.,Predicate,,http://release.niem.gov/niem/niem-core/5.0/#CourtCase,
http://schemas.scales-okn.org/rdf/scales#IdbFsev4,Idb Fsev4,A code indicating the severity associated with FTITLE4.,Predicate,,http://release.niem.gov/niem/niem-core/5.0/#CourtCase,
http://schemas.scales-okn.org/rdf/scales#IdbFsev5,Idb Fsev5,A code indicating the severity associated with FTITLE5.,Predicate,,http://release.niem.gov/niem/niem-core/5.0/#CourtCase,
http://schemas.scales-okn.org/rdf/scales#IdbFtitle1,Idb Ftitle1,The title and section of the U.S. Code applicable to the offense committed which carried the highest severity.,Predicate,,http://release.niem.gov/niem/niem-core/5.0/#CourtCase,
http://schemas.scales-okn.org/rdf/scales#IdbFtitle2,Idb Ftitle2,The title and section of the U.S. Code applicable to the offense committed which carried the second highest severity.,Predicate,,http://release.niem.gov/niem/niem-core/5.0/#CourtCase,
http://schemas.scales-okn.org/rdf/scales#IdbFtitle3,Idb Ftitle3,The title and section of the U.S. Code applicable to the offense committed which carried the third highest severity.,Predicate,,http://release.niem.gov/niem/niem-core/5.0/#CourtCase,
http://schemas.scales-okn.org/rdf/scales#IdbFtitle4,Idb Ftitle4,The title and section of the U.S. Code applicable to the offense committed which carried the fourth highest severity.,Predicate,,http://release.niem.gov/niem/niem-core/5.0/#CourtCase,
http://schemas.scales-okn.org/rdf/scales#IdbFtitle5,Idb Ftitle5,The title and section of the U.S. Code applicable to the offense committed which carried the fifth highest severity.,Predicate,,http://release.niem.gov/niem/niem-core/5.0/#CourtCase,
http://schemas.scales-okn.org/rdf/scales#IdbFugstat,Idb Fugstat,A code indicating the fugitive status of a defendant.,Predicate,,http://release.niem.gov/niem/niem-core/5.0/#CourtCase,
http://schemas.scales-okn.org/rdf/scales#IdbIfp,Idb Ifp,In forma pauperis code.,Predicate,,http://release.niem.gov/niem/niem-core/5.0/#CourtCase,
http://schemas.scales-okn.org/rdf/scales#IdbInt1,Idb Int1,The number of days from the earlier of filing date or first appearance date to proceeding date.,Predicate,,http://release.niem.gov/niem/niem-core/5.0/#CourtCase,
http://schemas.scales-okn.org/rdf/scales#IdbInt2,Idb Int2,The number of days from proceeding date to disposition date.,Predicate,,http://release.niem.gov/niem/niem-core/5.0/#CourtCase,
http://schemas.scales-okn.org/rdf/scales#IdbInt3,Idb Int3,The number of days from disposition date to sentencing date.,Predicate,,http://release.niem.gov/niem/niem-core/5.0/#CourtCase,
http://schemas.scales-okn.org/rdf/scales#IdbJudgment,Idb Judgment,Indicates the party in whose favor the case was disposed of by entry of a final judgment.,Predicate,,http://release.niem.gov/niem/niem-core/5.0/#CourtCase,
http://schemas.scales-okn.org/rdf/scales#IdbJuris,Idb Juris,The code which provides the basis for the US district court jurisdiction in the case.,Predicate,,http://release.niem.gov/niem/niem-core/5.0/#CourtCase,
http://schemas.scales-okn.org/rdf/scales#IdbJury,Idb Jury,Indicates the party or parties demanding a jury trial.,Predicate,,http://release.niem.gov/niem/niem-core/5.0/#CourtCase,
http://schemas.scales-okn.org/rdf/scales#IdbLoaddate,Idb Loaddate,The date the record was loaded into the AOUSC’s NewSTATS database.,Predicate,,http://release.niem.gov/niem/niem-core/5.0/#CourtCase,
http://schemas.scales-okn.org/rdf/scales#IdbMagdef,Idb Magdef,A unique number assigned to each defendant in a magistrate case.,Predicate,,http://release.niem.gov/niem/niem-core/5.0/#CourtCase,
http://schemas.scales-okn.org/rdf/scales#IdbMagdock,Idb Magdock,The docket number originally given to a case assigned to a magistrate judge and subsequently merged into a criminal case.,Predicate,,http://release.niem.gov/niem/niem-core/5.0/#CourtCase,
http://schemas.scales-okn.org/rdf/scales#IdbMdldock,Idb Mdldock,A 4-digit multi district litigation docket number.,Predicate,,http://release.niem.gov/niem/niem-core/5.0/#CourtCase,
http://schemas.scales-okn.org/rdf/scales#IdbName,Idb Name,"The defendant’s name as reported on the indictment, information, or other charging documents.",Predicate,,http://release.niem.gov/niem/niem-core/5.0/#CourtCase,
http://schemas.scales-okn.org/rdf/scales#IdbNoj,Idb Noj,"For cases disposed of by an entry of a final judgment, indicates the nature of the judgment.",Predicate,,http://release.niem.gov/niem/niem-core/5.0/#CourtCase,
http://schemas.scales-okn.org/rdf/scales#IdbNos,Idb Nos,A 3 digit statistical code representing the nature of the action filed.,Predicate,,http://release.niem.gov/niem/niem-core/5.0/#CourtCase,
http://schemas.scales-okn.org/rdf/scales#IdbOffice,Idb Office,The code of the district office where the case was located.,Predicate,,http://release.niem.gov/niem/niem-core/5.0/#CourtCase,
http://schemas.scales-okn.org/rdf/scales#IdbOrigin,Idb Origin,A single digit code describing the manner in which the case was filed in the district.,Predicate,,http://release.niem.gov/niem/niem-core/5.0/#CourtCase,
http://schemas.scales-okn.org/rdf/scales#IdbPlt,Idb Plt,First listed plaintiff.,Predicate,,http://release.niem.gov/niem/niem-core/5.0/#CourtCase,
http://schemas.scales-okn.org/rdf/scales#IdbPretrial,Idb Pretrial,This term is defined in the IDB documentation as 'Data rarely entered in the past; this field is no longer being used.',Predicate,,http://release.niem.gov/niem/niem-core/5.0/#CourtCase,
http://schemas.scales-okn.org/rdf/scales#IdbPriscd1,Idb Priscd1,A code indicating whether the prison sentence associated with TTITLE1 was concurrent or consecutive in relation to the other counts in the indictment or information or multiple counts of the same charge.,Predicate,,http://release.niem.gov/niem/niem-core/5.0/#CourtCase,
http://schemas.scales-okn.org/rdf/scales#IdbPriscd2,Idb Priscd2,A code indicating whether the prison sentence associated with TTITLE2 was concurrent or consecutive in relation to the other counts in the indictment or information or multiple counts of the same charge.,Predicate,,http://release.niem.gov/niem/niem-core/5.0/#CourtCase,
http://schemas.scales-okn.org/rdf/scales#IdbPriscd3,Idb Priscd3,A code indicating whether the prison sentence associated with TTITLE3 was concurrent or consecutive in relation to the other counts in the indictment or information or multiple counts of the same charge.,Predicate,,http://release.niem.gov/niem/niem-core/5.0/#CourtCase,
http://schemas.scales-okn.org/rdf/scales#IdbPriscd4,Idb Priscd4,A code indicating whether the prison sentence associated with TTITLE4 was concurrent or consecutive in relation to the other counts in the indictment or information or multiple counts of the same charge.,Predicate,,http://release.niem.gov/niem/niem-core/5.0/#CourtCase,
http://schemas.scales-okn.org/rdf/scales#IdbPriscd5,Idb Priscd5,A code indicating whether the prison sentence associated with TTITLE5 was concurrent or consecutive in relation to the other counts in the indictment or information or multiple counts of the same charge.,Predicate,,http://release.niem.gov/niem/niem-core/5.0/#CourtCase,
http://schemas.scales-okn.org/rdf/scales#IdbPristim1,Idb Pristim1,The number of months a defendant was sentenced to prison under TTITLE1.,Predicate,,http://release.niem.gov/niem/niem-core/5.0/#CourtCase,
http://schemas.scales-okn.org/rdf/scales#IdbPristim2,Idb Pristim2,The number of months a defendant was sentenced to prison under TTITLE2.,Predicate,,http://release.niem.gov/niem/niem-core/5.0/#CourtCase,
http://schemas.scales-okn.org/rdf/scales#IdbPristim3,Idb Pristim3,The number of months a defendant was sentenced to prison under TTITLE3.,Predicate,,http://release.niem.gov/niem/niem-core/5.0/#CourtCase,
http://schemas.scales-okn.org/rdf/scales#IdbPristim4,Idb Pristim4,The number of months a defendant was sentenced to prison under TTITLE4.,Predicate,,http://release.niem.gov/niem/niem-core/5.0/#CourtCase,
http://schemas.scales-okn.org/rdf/scales#IdbPristim5,Idb Pristim5,The number of months a defendant was sentenced to prison under TTITLE5.,Predicate,,http://release.niem.gov/niem/niem-core/5.0/#CourtCase,
http://schemas.scales-okn.org/rdf/scales#IdbPristot,Idb Pristot,The total prison time for all offenses of which the defendant was convicted and prison time was imposed.,Predicate,,http://release.niem.gov/niem/niem-core/5.0/#CourtCase,
http://schemas.scales-okn.org/rdf/scales#IdbProbcd1,Idb Probcd1,A code indicating whether the probation sentence associated with TTITLE1 was concurrent or consecutive in relation to the other counts in the indictment or information or multiple counts of the same charge.,Predicate,,http://release.niem.gov/niem/niem-core/5.0/#CourtCase,
http://schemas.scales-okn.org/rdf/scales#IdbProbcd2,Idb Probcd2,A code indicating whether the probation sentence associated with TTITLE2 was concurrent or consecutive in relation to the other counts in the indictment or information or multiple counts of the same charge.,Predicate,,http://release.niem.gov/niem/niem-core/5.0/#CourtCase,
http://schemas.scales-okn.org/rdf/scales#IdbProbcd3,Idb Probcd3,A code indicating whether the probation sentence associated with TTITLE3 was concurrent or consecutive in relation to the other counts in the indictment or information or multiple counts of the same charge.,Predicate,,http://release.niem.gov/niem/niem-core/5.0/#CourtCase,
http://schemas.scales-okn.org/rdf/scales#IdbProbcd4,Idb Probcd4,A code indicating whether the probation sentence associated with TTITLE4 was concurrent or consecutive in relation to the other counts in the indictment or information or multiple counts of the same charge.,Predicate,,http://release.niem.gov/niem/niem-core/5.0/#CourtCase,
http://schemas.scales-okn.org/rdf/scales#IdbProbcd5,Idb Probcd5,A code indicating whether the probation sentence associated with TTITLE5 was concurrent or consecutive in relation to the other counts in the indictment or information or multiple counts of the same charge.,Predicate,,http://release.niem.gov/niem/niem-core/5.0/#CourtCase,
http://schemas.scales-okn.org/rdf/scales#IdbProbmon1,Idb Probmon1,1 The number of months of probation imposed upon a defendant under TTITLE1.,Predicate,,http://release.niem.gov/niem/niem-core/5.0/#CourtCase,
http://schemas.scales-okn.org/rdf/scales#IdbProbmon2,Idb Probmon2,2 The number of months of probation imposed upon a defendant under TTITLE2.,Predicate,,http://release.niem.gov/niem/niem-core/5.0/#CourtCase,
http://schemas.scales-okn.org/rdf/scales#IdbProbmon3,Idb Probmon3,3 The number of months of probation imposed upon a defendant under TTITLE3.,Predicate,,http://release.niem.gov/niem/niem-core/5.0/#CourtCase,
http://schemas.scales-okn.org/rdf/scales#IdbProbmon4,Idb Probmon4,4 The number of months of probation imposed upon a defendant under TTITLE4.,Predicate,,http://release.niem.gov/niem/niem-core/5.0/#CourtCase,
http://schemas.scales-okn.org/rdf/scales#IdbProbmon5,Idb Probmon5,5 The number of months of probation imposed upon a defendant under TTITLE5.,Predicate,,http://release.niem.gov/niem/niem-core/5.0/#CourtCase,
http://schemas.scales-okn.org/rdf/scales#IdbProbtot,Idb Probtot,The total probation time for all offenses of which the defendant was convicted and probation was imposed.,Predicate,,http://release.niem.gov/niem/niem-core/5.0/#CourtCase,
http://schemas.scales-okn.org/rdf/scales#IdbProccd,Idb Proccd,A code used to identify the nature of the proceeding.,Predicate,,http://release.niem.gov/niem/niem-core/5.0/#CourtCase,
http://schemas.scales-okn.org/rdf/scales#IdbProcdate,Idb Procdate,"The date upon which proceedings in a case commenced on charges pending in the district court where the defendant appeared, or the date of the defendant’s felony-waiver of indictment.",Predicate,,http://release.niem.gov/niem/niem-core/5.0/#CourtCase,
http://schemas.scales-okn.org/rdf/scales#IdbProcprog,Idb Procprog,The point to which the case had progressed when it was disposed of.,Predicate,,http://release.niem.gov/niem/niem-core/5.0/#CourtCase,
http://schemas.scales-okn.org/rdf/scales#IdbProse,Idb Prose,Pro se code.,Predicate,,http://release.niem.gov/niem/niem-core/5.0/#CourtCase,
http://schemas.scales-okn.org/rdf/scales#IdbReopseq,Idb Reopseq,A sequential number indicating whether a case is an original proceeding or a reopen.,Predicate,,http://release.niem.gov/niem/niem-core/5.0/#CourtCase,
http://schemas.scales-okn.org/rdf/scales#IdbResidenc,Idb Residenc,"For cases that involve diversity of citizenship for the plaintiff and defendant, indicates the citizenship of the plaintiff and defendant.",Predicate,,http://release.niem.gov/niem/niem-core/5.0/#CourtCase,
http://schemas.scales-okn.org/rdf/scales#IdbSection,Idb Section,This term is defined in the IDB documentation as 'This field is optional.',Predicate,,http://release.niem.gov/niem/niem-core/5.0/#CourtCase,
http://schemas.scales-okn.org/rdf/scales#IdbSentdate,Idb Sentdate,The date upon which the final sentence is recorded on the docket.,Predicate,,http://release.niem.gov/niem/niem-core/5.0/#CourtCase,
http://schemas.scales-okn.org/rdf/scales#IdbSource,Idb Source,The source from which the data were loaded into the AOUSC’s NewSTATS database.,Predicate,,http://release.niem.gov/niem/niem-core/5.0/#CourtCase,
http://schemas.scales-okn.org/rdf/scales#IdbStatuscd,Idb Statuscd,The status of the defendant as assigned by the AOUSC.,Predicate,,http://release.niem.gov/niem/niem-core/5.0/#CourtCase,
http://schemas.scales-okn.org/rdf/scales#IdbSubsect,Idb Subsect,This term is defined in the IDB documentation as 'This field is optional.',Predicate,,http://release.niem.gov/niem/niem-core/5.0/#CourtCase,
http://schemas.scales-okn.org/rdf/scales#IdbSupvrel1,Idb Supvrel1,A period of supervised release imposed upon a defendant under TTITLE1.,Predicate,,http://release.niem.gov/niem/niem-core/5.0/#CourtCase,
http://schemas.scales-okn.org/rdf/scales#IdbSupvrel2,Idb Supvrel2,A period of supervised release imposed upon a defendant under TTITLE2.,Predicate,,http://release.niem.gov/niem/niem-core/5.0/#CourtCase,
http://schemas.scales-okn.org/rdf/scales#IdbSupvrel3,Idb Supvrel3,A period of supervised release imposed upon a defendant under TTITLE3.,Predicate,,http://release.niem.gov/niem/niem-core/5.0/#CourtCase,
http://schemas.scales-okn.org/rdf/scales#IdbSupvrel4,Idb Supvrel4,A period of supervised release imposed upon a defendant under TTITLE4.,Predicate,,http://release.niem.gov/niem/niem-core/5.0/#CourtCase,
http://schemas.scales-okn.org/rdf/scales#IdbSupvrel5,Idb Supvrel5,A period of supervised release imposed upon a defendant under TTITLE5.,Predicate,,http://release.niem.gov/niem/niem-core/5.0/#CourtCase,
http://schemas.scales-okn.org/rdf/scales#IdbTapeyear,Idb Tapeyear,Statistical year.,Predicate,,http://release.niem.gov/niem/niem-core/5.0/#CourtCase,
http://schemas.scales-okn.org/rdf/scales#IdbTcounsel,Idb Tcounsel,A code indicating the type of legal counsel assigned to a defendant at the time the case was closed.,Predicate,,http://release.niem.gov/niem/niem-core/5.0/#CourtCase,
http://schemas.scales-okn.org/rdf/scales#IdbTdateuse,Idb Tdateuse,This field is used to identify cases within a given statistical or fiscal year of termination as counted by the AO in published reports.,Predicate,,http://release.niem.gov/niem/niem-core/5.0/#CourtCase,
http://schemas.scales-okn.org/rdf/scales#IdbTermdate,Idb Termdate,The date upon which the case was closed.,Predicate,,http://release.niem.gov/niem/niem-core/5.0/#CourtCase,
http://schemas.scales-okn.org/rdf/scales#IdbTermjudg,Idb Termjudg,The statistical code for the judge assigned at the time of disposition.,Predicate,,http://release.niem.gov/niem/niem-core/5.0/#CourtCase,
http://schemas.scales-okn.org/rdf/scales#IdbTermmag,Idb Termmag,The statistical code for the magistrate judge assigned at the time of disposition.,Predicate,,http://release.niem.gov/niem/niem-core/5.0/#CourtCase,
http://schemas.scales-okn.org/rdf/scales#IdbTermoff,Idb Termoff,The code of the district office where the case was terminated.,Predicate,,http://release.niem.gov/niem/niem-core/5.0/#CourtCase,
http://schemas.scales-okn.org/rdf/scales#IdbTitl,Idb Titl,This term is defined in the IDB documentation as 'This field is optional.',Predicate,,http://release.niem.gov/niem/niem-core/5.0/#CourtCase,
http://schemas.scales-okn.org/rdf/scales#IdbTjudge,Idb Tjudge,The statistical code associated with the judge who terminated the case.,Predicate,,http://release.niem.gov/niem/niem-core/5.0/#CourtCase,
http://schemas.scales-okn.org/rdf/scales#IdbToffcd1,Idb Toffcd1,The four digit AO offense code associated with TTITLE1.,Predicate,,http://release.niem.gov/niem/niem-core/5.0/#CourtCase,
http://schemas.scales-okn.org/rdf/scales#IdbToffcd2,Idb Toffcd2,The four digit AO offense code associated with TTITLE2.,Predicate,,http://release.niem.gov/niem/niem-core/5.0/#CourtCase,
http://schemas.scales-okn.org/rdf/scales#IdbToffcd3,Idb Toffcd3,The four digit AO offense code associated with TTITLE3.,Predicate,,http://release.niem.gov/niem/niem-core/5.0/#CourtCase,
http://schemas.scales-okn.org/rdf/scales#IdbToffcd4,Idb Toffcd4,The four digit AO offense code associated with TTITLE4.,Predicate,,http://release.niem.gov/niem/niem-core/5.0/#CourtCase,
http://schemas.scales-okn.org/rdf/scales#IdbToffcd5,Idb Toffcd5,The four digit AO offense code associated with TTITLE5.,Predicate,,http://release.niem.gov/niem/niem-core/5.0/#CourtCase,
http://schemas.scales-okn.org/rdf/scales#IdbTofflvl1,Idb Tofflvl1,A code indicating the level of offense associated with TTITLE1.,Predicate,,http://release.niem.gov/niem/niem-core/5.0/#CourtCase,
http://schemas.scales-okn.org/rdf/scales#IdbTofflvl2,Idb Tofflvl2,A code indicating the level of offense associated with TTITLE2.,Predicate,,http://release.niem.gov/niem/niem-core/5.0/#CourtCase,
http://schemas.scales-okn.org/rdf/scales#IdbTofflvl3,Idb Tofflvl3,A code indicating the level of offense associated with TTITLE3.,Predicate,,http://release.niem.gov/niem/niem-core/5.0/#CourtCase,
http://schemas.scales-okn.org/rdf/scales#IdbTofflvl4,Idb Tofflvl4,A code indicating the level of offense associated with TTITLE4.,Predicate,,http://release.niem.gov/niem/niem-core/5.0/#CourtCase,
http://schemas.scales-okn.org/rdf/scales#IdbTofflvl5,Idb Tofflvl5,A code indicating the level of offense associated with TTITLE5.,Predicate,,http://release.niem.gov/niem/niem-core/5.0/#CourtCase,
http://schemas.scales-okn.org/rdf/scales#IdbTrandef,Idb Trandef,The unique number originally assigned to a defendant by the district in which an intra- district transfer took place.,Predicate,,http://release.niem.gov/niem/niem-core/5.0/#CourtCase,
http://schemas.scales-okn.org/rdf/scales#IdbTrandist,Idb Trandist,The code of the judicial district in which an intra- district transfer took place.,Predicate,,http://release.niem.gov/niem/niem-core/5.0/#CourtCase,
http://schemas.scales-okn.org/rdf/scales#IdbTrandock,Idb Trandock,The docket number originally assigned by the district in which an intra-district transfer took place.,Predicate,,http://release.niem.gov/niem/niem-core/5.0/#CourtCase,
http://schemas.scales-okn.org/rdf/scales#IdbTranoff,Idb Tranoff,The code of the district office from which an intra-district transfer took place.,Predicate,,http://release.niem.gov/niem/niem-core/5.0/#CourtCase,
http://schemas.scales-okn.org/rdf/scales#IdbTransdat,Idb Transdat,The date when the papers were received in the receiving district for a transferred case.,Predicate,,http://release.niem.gov/niem/niem-core/5.0/#CourtCase,
http://schemas.scales-okn.org/rdf/scales#IdbTransdoc,Idb Transdoc,The docket number of the case in the losing district.,Predicate,,http://release.niem.gov/niem/niem-core/5.0/#CourtCase,
http://schemas.scales-okn.org/rdf/scales#IdbTransoff,Idb Transoff,The office number of the district losing the case.,Predicate,,http://release.niem.gov/niem/niem-core/5.0/#CourtCase,
http://schemas.scales-okn.org/rdf/scales#IdbTransorg,Idb Transorg,The origin number of the case in the losing district.,Predicate,,http://release.niem.gov/niem/niem-core/5.0/#CourtCase,
http://schemas.scales-okn.org/rdf/scales#IdbTrclact,Idb Trclact,A code that indicates a case involving allegations of class action.,Predicate,,http://release.niem.gov/niem/niem-core/5.0/#CourtCase,
http://schemas.scales-okn.org/rdf/scales#IdbTrialend,Idb Trialend,This term is defined in the IDB documentation as 'Data rarely entered in the past; this field is no longer being used.',Predicate,,http://release.niem.gov/niem/niem-core/5.0/#CourtCase,
http://schemas.scales-okn.org/rdf/scales#IdbTribegan,Idb Tribegan,This term is defined in the IDB documentation as 'Data rarely entered in the past; this field is no longer being used.',Predicate,,http://release.niem.gov/niem/niem-core/5.0/#CourtCase,
http://schemas.scales-okn.org/rdf/scales#IdbTrmarb,Idb Trmarb,Termination arbitration code.,Predicate,,http://release.niem.gov/niem/niem-core/5.0/#CourtCase,
http://schemas.scales-okn.org/rdf/scales#IdbTsev1,Idb Tsev1,A code indicating the severity associated with TTITLE1.,Predicate,,http://release.niem.gov/niem/niem-core/5.0/#CourtCase,
http://schemas.scales-okn.org/rdf/scales#IdbTsev2,Idb Tsev2,A code indicating the severity associated with TTITLE2.,Predicate,,http://release.niem.gov/niem/niem-core/5.0/#CourtCase,
http://schemas.scales-okn.org/rdf/scales#IdbTsev3,Idb Tsev3,A code indicating the severity associated with TTITLE3.,Predicate,,http://release.niem.gov/niem/niem-core/5.0/#CourtCase,
http://schemas.scales-okn.org/rdf/scales#IdbTsev4,Idb Tsev4,A code indicating the severity associated with TTITLE4.,Predicate,,http://release.niem.gov/niem/niem-core/5.0/#CourtCase,
http://schemas.scales-okn.org/rdf/scales#IdbTsev5,Idb Tsev5,A code indicating the severity associated with TTITLE5.,Predicate,,http://release.niem.gov/niem/niem-core/5.0/#CourtCase,
http://schemas.scales-okn.org/rdf/scales#IdbTtitle1,Idb Ttitle1,The title and section of the U.S. Code applicable to the offense that carried the most severe disposition and penalty under which the defendant was disposed.,Predicate,,http://release.niem.gov/niem/niem-core/5.0/#CourtCase,
http://schemas.scales-okn.org/rdf/scales#IdbTtitle2,Idb Ttitle2,The title and section of the U.S. Code applicable to the offense under which the defendant was disposed that carried the second most severe disposition and penalty.,Predicate,,http://release.niem.gov/niem/niem-core/5.0/#CourtCase,
http://schemas.scales-okn.org/rdf/scales#IdbTtitle3,Idb Ttitle3,The title and section of the U.S. Code applicable to the offense under which the defendant was disposed that carried the third most severe disposition and penalty.,Predicate,,http://release.niem.gov/niem/niem-core/5.0/#CourtCase,
http://schemas.scales-okn.org/rdf/scales#IdbTtitle4,Idb Ttitle4,The title and section of the U.S. Code applicable to the offense under which the defendant was disposed that carried the fourth most severe disposition and penalty.,Predicate,,http://release.niem.gov/niem/niem-core/5.0/#CourtCase,
http://schemas.scales-okn.org/rdf/scales#IdbTtitle5,Idb Ttitle5,The title and section of the U.S. Code applicable to the offense under which the defendant was disposed that carried the fifth most severe disposition and penalty.,Predicate,,http://release.niem.gov/niem/niem-core/5.0/#CourtCase,
http://schemas.scales-okn.org/rdf/scales#IdbTypemag,Idb Typemag,Case type associated with a magistrate case if the current case was merged from a magistrate case.,Predicate,,http://release.niem.gov/niem/niem-core/5.0/#CourtCase,
http://schemas.scales-okn.org/rdf/scales#IdbTypereg,Idb Typereg,Case type associated with the current defendant record.,Predicate,,http://release.niem.gov/niem/niem-core/5.0/#CourtCase,
http://schemas.scales-okn.org/rdf/scales#IdbTypetrn,Idb Typetrn,Case type associated with the originating case if the current case was a transfer.,Predicate,,http://release.niem.gov/niem/niem-core/5.0/#CourtCase,
http://schemas.scales-okn.org/rdf/scales#IdbUpdate,Idb Update,The date of the last action taken on the record.,Predicate,,http://release.niem.gov/niem/niem-core/5.0/#CourtCase,
http://schemas.scales-okn.org/rdf/scales#IdbVer,Idb Ver,A sequential number indicating the iteration of the defendant record.,Predicate,,http://release.niem.gov/niem/niem-core/5.0/#CourtCase,
http://schemas.scales-okn.org/rdf/scales#IfpJudgeAttribution,Ifp Judge Attribution,"The judge presiding over a case at the time a given docket entry was entered on a docket sheet that includes ""in forma pauperis"" (IFP) activity.",Predicate,,http://release.niem.gov/niem/domains/jxdm/7.2/#RegisterAction,
http://schemas.scales-okn.org/rdf/scales#IfpLabel,Ifp Label,"A SCALES IFP label (application, grant, deny, other) that applies to a given docket entry on a docket sheet that includes ""in forma pauperis"" (IFP) activity.",Predicate,,http://release.niem.gov/niem/domains/jxdm/7.2/#RegisterAction,
http://schemas.scales-okn.org/rdf/scales#IntersectingNeighborhood,Intersecting Neighborhood,A city neighborhood whose boundaries intersect with those of a given area.,Predicate,,http://release.niem.gov/niem/niem-core/5.0/#Location,
http://schemas.scales-okn.org/rdf/scales#LawFirm,Law Firm,A law firm or other office offering legal services.,Predicate,,http://release.niem.gov/niem/domains/jxdm/7.2/#Attorney,http://schemas.scales-okn.org/rdf/scales#LawFirm
http://schemas.scales-okn.org/rdf/scales#MemberCase,Member Case,"In multi-district litigation (MDL), a case listed in the ""PACER Member Cases"" header section on the docket sheet for a given lead case.",Predicate,,http://release.niem.gov/niem/niem-core/5.0/#CourtCase,http://release.niem.gov/niem/niem-core/5.0/#CourtCase
http://schemas.scales-okn.org/rdf/scales#NAICSCode,NAICSCode,A North American Industry Classification System (NAICS) code corresponding to the given company.,Predicate,,http://schemas.scales-okn.org/rdf/scales#DisambiguatedEntity,
http://schemas.scales-okn.org/rdf/scales#OntologyLabel,Ontology Label,An event label or attribute label from the SCALES Litigation Ontology that applies to a given docket entry.,Predicate,,http://release.niem.gov/niem/domains/jxdm/7.2/#RegisterAction,
http://schemas.scales-okn.org/rdf/scales#Party,Party,A party to a court case.,Predicate,,http://release.niem.gov/niem/niem-core/5.0/#CourtCase,http://schemas.scales-okn.org/rdf/scales#Party
http://schemas.scales-okn.org/rdf/scales#PoliticalPartyOfAppointingPresident,Political Party Of Appointing President,The political party to which the US president belonged when they appointed a given judge.,Predicate,,http://release.niem.gov/niem/domains/jxdm/7.2/#Judge,
http://schemas.scales-okn.org/rdf/scales#ReferenceToOtherEntry,Reference To Other Entry,A hyperlink to another docket entry within the text of a given PACER docket entry.,Predicate,,http://release.niem.gov/niem/domains/jxdm/7.2/#RegisterAction,http://release.niem.gov/niem/domains/jxdm/7.2/#RegisterAction
http://schemas.scales-okn.org/rdf/scales#RelatedCase,Related Case,"A case listed in the PACER ""Related Cases"" header section on the docket sheet for a given case.",Predicate,,http://release.niem.gov/niem/niem-core/5.0/#CourtCase,http://release.niem.gov/niem/niem-core/5.0/#CourtCase
http://schemas.scales-okn.org/rdf/scales#SICCode,SICCode,A Standard Industrial Classification (SIC) code corresponding to the given company.,Predicate,,http://schemas.scales-okn.org/rdf/scales#DisambiguatedEntity,
http://schemas.scales-okn.org/rdf/scales#UVAJudgeDirID,UVAJudge Dir ID,A unique ID that specifies a judge in the University of Virginia's directory of bankruptcy and magistrate judges.,Predicate,,http://release.niem.gov/niem/domains/jxdm/7.2/#Judge,
http://schemas.scales-okn.org/rdf/scales#UnparsedSentenceText,Unparsed Sentence Text,Any text in a given sentence description that SCALES could not parse.,Predicate,,http://release.niem.gov/niem/domains/jxdm/7.2/#Sentence,
http://stko-kwg.geog.ucsb.edu/lod/ontology/AdministrativeRegion_2,Administrative Region 2,"A level-2 KnowWhereGraph region, denoting a county, district, or equivalent administrative area.",Predicate,,http://release.niem.gov/niem/domains/jxdm/7.2/#Court,
